Date,Clics,Impressions,CTR,Position
2026-08-09,0,3,0%,59.3
2026-08-10,6,14,42.86%,19.1
2026-08-11,4,9,44.44%,17.6
2026-08-12,1,7,14.29%,36.3
2026-08-13,0,2,0%,48.5
2026-08-14,0,4,0%,25
2026-08-15,0,2,0%,59
2026-08-16,0,1,0%,94
2026-08-17,0,7,0%,58.7
2026-08-18,0,18,0%,56.9
2026-08-19,2,12,16.67%,48.8
2026-08-20,0,5,0%,71
2026-08-21,3,11,27.27%,27.2
2026-08-22,0,6,0%,75.5
2026-08-23,0,9,0%,55.2
2026-08-24,0,12,0%,56.7
2026-08-25,0,19,0%,52.8
2026-08-26,0,14,0%,32.3
2026-08-27,0,8,0%,19.4
2026-08-28,1,13,7.69%,40.3
2026-08-29,0,15,0%,50.7
2026-08-30,0,12,0%,50
2026-08-31,0,11,0%,42.5
2026-09-01,0,15,0%,48.3
2026-09-02,1,19,5.26%,27.4
2026-09-03,1,16,6.25%,39.1
2026-09-04,0,8,0%,33.5
2026-09-05,1,8,12.5%,42.2
2026-09-06,0,4,0%,61.2
2026-09-07,2,18,11.11%,27.3
2026-09-08,1,16,6.25%,28.6
2026-09-09,0,10,0%,30.3
2026-09-10,1,13,7.69%,10.8
2026-09-11,0,1,0%,1
2026-09-12,1,2,50%,3
2026-09-13,0,0,,
2026-09-14,3,5,60%,31
2026-09-15,0,1,0%,73
2026-09-16,1,5,20%,18
2026-09-17,1,3,33.33%,3.7
2026-09-18,1,2,50%,2.5
2026-09-19,0,4,0%,11
2026-09-20,2,6,33.33%,24.8
2026-09-21,0,13,0%,20.2
2026-09-22,2,11,18.18%,13.9
2026-09-23,1,6,16.67%,5.3
2026-09-24,0,13,0%,40.4
2026-09-25,3,20,15%,12.9
2026-09-26,1,11,9.09%,16.8
2026-09-27,1,7,14.29%,5.3