Pages les plus populaires,Clics,Impressions,CTR,Position
https://www.vetocrm.com/,39,408,9.56%,36.07
https://www.vetocrm.com/?lng=fr,2,4,50%,1.5
https://vetocrm.com/?lng=fr,1,4,25%,3.25
https://www.vetocrm.com/privacy,0,15,0%,11.27
https://www.vetocrm.com/monde-veto/intelligence-artificielle-veterinaire,0,14,0%,34.07
https://www.vetocrm.com/refund,0,11,0%,12.73
https://vetocrm.com/?lng=es,0,10,0%,6.6
https://www.vetocrm.com/?lng=es,0,9,0%,6.33
https://www.vetocrm.com/monde-veto/nouvelles-pratiques-veterinaires,0,8,0%,22.5
https://www.vetocrm.com/terms,0,1,0%,1
https://www.vetocrm.com/monde-veto/assurance-animale-veterinaire,0,1,0%,10