Pays,Clics,Impressions,CTR,Position
France,18,39,46.15%,8.23
Suisse,7,17,41.18%,2.18
Maroc,6,12,50%,24.83
Ukraine,5,24,20.83%,44.5
États-Unis,2,168,1.19%,55.35
Brésil,1,9,11.11%,4.89
Allemagne,1,7,14.29%,17.14
Iran,1,2,50%,2
Inde,0,23,0%,39.26
Nouvelle-Zélande,0,15,0%,19.6
Philippines,0,12,0%,49.67
Royaume-Uni,0,9,0%,11.11
Australie,0,9,0%,15.22
Vietnam,0,8,0%,70.62
Chili,0,7,0%,8
Turquie,0,7,0%,54.43
Belgique,0,6,0%,10
Bangladesh,0,6,0%,47.33
Mexique,0,5,0%,17.4
Espagne,0,4,0%,5
Nigéria,0,4,0%,5.25
Canada,0,4,0%,7
Russie,0,4,0%,44.5
Argentine,0,3,0%,5.33
Pays-Bas,0,3,0%,11.33
Jordanie,0,3,0%,69.33
Pologne,0,2,0%,2.5
Afrique du Sud,0,2,0%,3
Singapour,0,2,0%,3.5
Émirats Arabes Unis,0,2,0%,4.5
Arménie,0,2,0%,6
Roumanie,0,2,0%,6.5
Équateur,0,2,0%,7
Colombie,0,2,0%,9.5
Thaïlande,0,2,0%,62
Chypre,0,1,0%,1
Estonie,0,1,0%,1
Corée du Sud,0,1,0%,1
Pakistan,0,1,0%,1
Qatar,0,1,0%,1
Serbie,0,1,0%,1
Égypte,0,1,0%,2
Croatie,0,1,0%,2
Irak,0,1,0%,2
Algérie,0,1,0%,3
Finlande,0,1,0%,3
Lettonie,0,1,0%,6
Kenya,0,1,0%,7
Arabie Saoudite,0,1,0%,7
Tunisie,0,1,0%,7
Biélorussie,0,1,0%,8
Éthiopie,0,1,0%,8
Israël,0,1,0%,9
Grèce,0,1,0%,10
Sri Lanka,0,1,0%,10
Slovaquie,0,1,0%,42
Indonésie,0,1,0%,59
Malaisie,0,1,0%,74