Requêtes les plus fréquentes,Clics,Impressions,CTR,Position
veterinary crm,2,7,28.57%,1.71
veto software,1,6,16.67%,6.67
crm veterinario,1,4,25%,3.5
veterinary crm software,0,63,0%,46.68
veterinary crm solutions,0,52,0%,86.83
crm для ветеринарной клиники,0,14,0%,75.57
crm vet,0,5,0%,32.2
vétocom,0,4,0%,47.75
best crm for veterinary,0,4,0%,57.25
вендоры crm для фармы,0,4,0%,75.5
crm veterinario iniciar sesión,0,3,0%,9
vet crm,0,3,0%,30
vetocambre official website,0,2,0%,5.5
vetomatic,0,2,0%,22.5
vetocare,0,2,0%,28
vetoc,0,2,0%,43.5
veterinary practice digital transformation,0,2,0%,74.5
vet clinic promotional campaign software,0,2,0%,96
crm veterinaria,0,1,0%,3
crmveterinario,0,1,0%,5
veto,0,1,0%,6
veto clinic,0,1,0%,10
vetomix,0,1,0%,14
veclis,0,1,0%,42
vetoo,0,1,0%,48
vetome,0,1,0%,49
vectomac,0,1,0%,53
vetocom,0,1,0%,61
vetomics,0,1,0%,65
vettop,0,1,0%,65
vue crm,0,1,0%,68
vet compliance software,0,1,0%,73
taxidermy crm software,0,1,0%,77
vtech veterinary software,0,1,0%,80
transforming veterinary documentation with ai,0,1,0%,81
ai for veterinary clinics,0,1,0%,83
vet hippocrates medical ai,0,1,0%,85
veterinary clinic management system,0,1,0%,88
vet crm solution,0,1,0%,90