id,name,code,address,phone,created_at,updated_at
0dc33e2d-7d30-44b2-b20f-920f5d74dc1b,aspitar,EA91AD,33 cachan,+212622430629,2026-06-01 22:00:18.90356+00,2026-06-01 22:00:18.90356+00
d0d0d0d0-0000-0000-0000-0000000000aa,Clinique Vétérinaire Démo,DEMO01,"12 Rue des Animaux, Casablanca",+212 522 123 456,2026-06-04 21:26:20.089833+00,2026-06-04 21:26:20.089833+00
632f7dff-e8d7-475f-9424-1d24d314d48f,Clinique Démo Découverte,DEMOFREE,Demo,+212600000000,2026-06-05 20:00:59.468009+00,2026-06-05 20:00:59.468009+00
26491e2b-2ae5-47af-b474-6a0add18d31a,Clinique Démo Pro,DEMOPRO,Demo,+212600000000,2026-06-05 20:00:59.988899+00,2026-06-05 20:00:59.988899+00
cc988c61-3d98-4e51-a0fe-9f8f725d8a07,Clinique Démo Pro Plus,DEMOPRO_,Demo,+212600000000,2026-06-05 20:01:00.327306+00,2026-06-05 20:01:00.327306+00
3fcccb2a-eb26-4118-b592-8bdfd5861502,Clinique Démo Duo,DEMODUO,Demo,+212600000000,2026-06-05 20:01:00.662225+00,2026-06-05 20:01:00.662225+00
296c3281-8119-42a1-aba9-897de5e0ffd2,Clinique Démo Clinique,DEMOCLIN,Demo,+212600000000,2026-06-05 20:01:00.992569+00,2026-06-05 20:01:00.992569+00
a45daf81-b02e-4e94-be9d-4b5102228cf1,Super Admin HQ,SADMEOZ1,—,—,2026-06-05 20:33:26.186215+00,2026-06-05 20:33:26.186215+00
cbfa8433-b1e1-4e79-968d-0c31b5c0e682,Vetoapp,97E543,,,2026-06-05 21:26:03.601009+00,2026-06-05 21:26:03.601009+00
